{
  "original_97pct": {
    "macro_f1": {
      "mean": 0.5375975974248441,
      "std": 0.10901450403083902,
      "ci_lo": 0.3760228979274294,
      "ci_hi": 0.7519410416843186,
      "n_boot": 1000
    },
    "exact_acc": {
      "mean": 0.9401680960548886,
      "std": 0.009469770805671346,
      "ci_lo": 0.9210977701543739,
      "ci_hi": 0.9571183533447685,
      "n_boot": 1000
    },
    "adj_acc": {
      "mean": 1.0,
      "std": 0.0,
      "ci_lo": 1.0,
      "ci_hi": 1.0,
      "n_boot": 1000
    },
    "ordinal_mae": {
      "mean": 0.059831903945111495,
      "std": 0.009469770805671346,
      "ci_lo": 0.04288164665523156,
      "ci_hi": 0.07890222984562607,
      "n_boot": 1000
    }
  },
  "relabeled_75pct": {
    "macro_f1": {
      "mean": 0.35145678108502754,
      "std": 0.017517427528463705,
      "ci_lo": 0.3191502465730341,
      "ci_hi": 0.38681658352939435,
      "n_boot": 1000
    },
    "exact_acc": {
      "mean": 0.48823499142367066,
      "std": 0.0210053981275756,
      "ci_lo": 0.44592624356775307,
      "ci_hi": 0.5283018867924528,
      "n_boot": 1000
    },
    "adj_acc": {
      "mean": 0.8282212692967411,
      "std": 0.01595376066630328,
      "ci_lo": 0.7975986277873071,
      "ci_hi": 0.8593481989708405,
      "n_boot": 1000
    },
    "ordinal_mae": {
      "mean": 0.6835437392795884,
      "std": 0.03172063960144489,
      "ci_lo": 0.6243567753001715,
      "ci_hi": 0.7461406518010292,
      "n_boot": 1000
    }
  }
}